order_id,equipment_id,maintenance_date,maintenance_type,labor_cost,parts_cost,downtime_caused_min
1,EQ-01,2019-01-03,Preventiva,163.47,572.03,32
2,EQ-02,2019-01-03,Preventiva,317.39,320.62,37
3,EQ-03,2019-01-03,Preventiva,187.36,468.85,41
4,EQ-04,2019-01-03,Preventiva,211.24,405.06,32
5,EQ-01,2019-01-12,Preventiva,199.27,388.0,57
6,EQ-02,2019-01-12,Preventiva,371.91,344.29,42
7,EQ-03,2019-01-12,Preventiva,161.05,308.97,47
8,EQ-04,2019-01-12,Preventiva,156.21,274.94,59
9,EQ-01,2019-01-22,Corretiva,961.34,2739.0,153
10,EQ-02,2019-01-22,Corretiva,1243.94,1883.84,207
11,EQ-03,2019-01-22,Corretiva,876.02,1845.05,161
12,EQ-04,2019-01-22,Corretiva,599.84,2469.84,227
13,EQ-01,2019-02-03,Preventiva,194.99,514.04,42
14,EQ-02,2019-02-03,Preventiva,195.97,308.72,47
15,EQ-03,2019-02-03,Preventiva,154.7,584.62,31
16,EQ-04,2019-02-03,Preventiva,145.92,206.11,34
17,EQ-01,2019-02-12,Preventiva,217.23,398.57,35
18,EQ-02,2019-02-12,Preventiva,258.14,333.34,50
19,EQ-03,2019-02-12,Preventiva,292.06,270.67,37
20,EQ-04,2019-02-12,Preventiva,222.8,267.71,46
21,EQ-01,2019-02-22,Corretiva,803.15,1742.64,231
22,EQ-02,2019-02-22,Corretiva,1335.58,1923.13,188
23,EQ-03,2019-02-22,Corretiva,903.14,2637.91,188
24,EQ-04,2019-02-22,Corretiva,651.15,1844.29,115
25,EQ-01,2019-03-03,Preventiva,205.55,335.21,33
26,EQ-02,2019-03-03,Preventiva,311.11,563.05,56
27,EQ-03,2019-03-03,Preventiva,180.48,249.01,58
28,EQ-04,2019-03-03,Preventiva,148.78,218.97,56
29,EQ-01,2019-03-12,Preventiva,159.06,505.97,55
30,EQ-02,2019-03-12,Preventiva,289.53,601.51,43
31,EQ-03,2019-03-12,Preventiva,192.74,277.3,46
32,EQ-04,2019-03-12,Preventiva,165.51,366.88,33
33,EQ-01,2019-03-22,Corretiva,849.01,2053.57,208
34,EQ-02,2019-03-22,Corretiva,1088.88,2121.66,211
35,EQ-03,2019-03-22,Corretiva,966.58,2687.76,111
36,EQ-04,2019-03-22,Corretiva,895.49,1738.51,130
37,EQ-01,2019-04-03,Preventiva,199.71,264.32,37
38,EQ-02,2019-04-03,Preventiva,248.7,452.35,50
39,EQ-03,2019-04-03,Preventiva,270.59,262.72,54
40,EQ-04,2019-04-03,Preventiva,222.84,465.74,40
41,EQ-01,2019-04-12,Preventiva,214.2,484.84,41
42,EQ-02,2019-04-12,Preventiva,278.06,690.7,56
43,EQ-03,2019-04-12,Preventiva,169.27,576.51,37
44,EQ-04,2019-04-12,Preventiva,145.52,486.91,38
45,EQ-01,2019-04-22,Corretiva,799.4,2440.78,166
46,EQ-02,2019-04-22,Corretiva,1334.92,2750.89,96
47,EQ-03,2019-04-22,Corretiva,826.58,2465.09,239
48,EQ-04,2019-04-22,Corretiva,415.79,2417.13,118
49,EQ-01,2019-05-03,Preventiva,286.4,512.65,55
50,EQ-02,2019-05-03,Preventiva,350.26,336.84,44
51,EQ-03,2019-05-03,Preventiva,153.63,437.15,46
52,EQ-04,2019-05-03,Preventiva,231.08,332.55,51
53,EQ-01,2019-05-12,Preventiva,230.94,288.27,37
54,EQ-02,2019-05-12,Preventiva,195.42,502.4,41
55,EQ-03,2019-05-12,Preventiva,173.72,336.65,51
56,EQ-04,2019-05-12,Preventiva,129.46,441.4,48
57,EQ-01,2019-05-22,Corretiva,886.22,2117.88,188
58,EQ-02,2019-05-22,Corretiva,640.27,2399.01,109
59,EQ-03,2019-05-22,Corretiva,644.0,2985.76,215
60,EQ-04,2019-05-22,Corretiva,739.85,1957.08,111
61,EQ-01,2019-06-03,Preventiva,171.21,297.65,47
62,EQ-02,2019-06-03,Preventiva,215.97,588.22,43
63,EQ-03,2019-06-03,Preventiva,211.01,241.6,36
64,EQ-04,2019-06-03,Preventiva,223.94,361.07,41
65,EQ-01,2019-06-12,Preventiva,206.84,509.93,52
66,EQ-02,2019-06-12,Preventiva,180.48,648.36,53
67,EQ-03,2019-06-12,Preventiva,206.04,588.53,56
68,EQ-04,2019-06-12,Preventiva,163.91,373.38,48
69,EQ-01,2019-06-22,Corretiva,845.3,1673.84,134
70,EQ-02,2019-06-22,Corretiva,1126.12,1743.2,178
71,EQ-03,2019-06-22,Corretiva,912.46,1400.57,122
72,EQ-04,2019-06-22,Corretiva,785.72,946.97,199
73,EQ-01,2019-07-03,Preventiva,174.85,472.56,55
74,EQ-02,2019-07-03,Preventiva,363.74,322.79,59
75,EQ-03,2019-07-03,Preventiva,203.71,393.6,41
76,EQ-04,2019-07-03,Preventiva,234.85,210.39,49
77,EQ-01,2019-07-12,Preventiva,266.78,499.35,31
78,EQ-02,2019-07-12,Preventiva,276.15,470.42,47
79,EQ-03,2019-07-12,Preventiva,262.29,321.21,44
80,EQ-04,2019-07-12,Preventiva,153.95,231.42,40
81,EQ-01,2019-07-22,Corretiva,1013.74,1716.47,150
82,EQ-02,2019-07-22,Corretiva,853.4,3254.76,169
83,EQ-03,2019-07-22,Corretiva,660.29,2507.95,172
84,EQ-04,2019-07-22,Corretiva,505.7,2218.35,214
85,EQ-01,2019-08-03,Preventiva,241.76,329.58,52
86,EQ-02,2019-08-03,Preventiva,254.79,564.9,35
87,EQ-03,2019-08-03,Preventiva,215.12,427.3,46
88,EQ-04,2019-08-03,Preventiva,249.41,302.82,58
89,EQ-01,2019-08-12,Preventiva,278.56,556.78,53
90,EQ-02,2019-08-12,Preventiva,265.93,328.5,50
91,EQ-03,2019-08-12,Preventiva,224.98,487.77,49
92,EQ-04,2019-08-12,Preventiva,206.28,392.42,34
93,EQ-01,2019-08-22,Corretiva,567.86,1199.1,165
94,EQ-02,2019-08-22,Corretiva,676.86,3433.28,233
95,EQ-03,2019-08-22,Corretiva,950.58,2613.74,163
96,EQ-04,2019-08-22,Corretiva,878.35,2461.32,170
97,EQ-01,2019-09-03,Preventiva,248.67,444.23,31
98,EQ-02,2019-09-03,Preventiva,228.88,388.84,48
99,EQ-03,2019-09-03,Preventiva,180.59,342.65,32
100,EQ-04,2019-09-03,Preventiva,200.12,291.7,48
101,EQ-01,2019-09-12,Preventiva,150.11,446.02,31
102,EQ-02,2019-09-12,Preventiva,296.87,553.62,30
103,EQ-03,2019-09-12,Preventiva,238.62,409.71,45
104,EQ-04,2019-09-12,Preventiva,223.3,446.14,35
105,EQ-01,2019-09-22,Corretiva,532.11,1609.8,192
106,EQ-02,2019-09-22,Corretiva,750.23,1386.88,107
107,EQ-03,2019-09-22,Corretiva,977.86,2836.82,179
108,EQ-04,2019-09-22,Corretiva,881.53,1627.61,193
109,EQ-01,2019-10-03,Preventiva,203.45,343.15,50
110,EQ-02,2019-10-03,Preventiva,299.4,482.15,59
111,EQ-03,2019-10-03,Preventiva,192.9,475.08,52
112,EQ-04,2019-10-03,Preventiva,217.23,356.28,44
113,EQ-01,2019-10-12,Preventiva,268.72,599.27,44
114,EQ-02,2019-10-12,Preventiva,344.49,728.24,31
115,EQ-03,2019-10-12,Preventiva,217.34,309.19,56
116,EQ-04,2019-10-12,Preventiva,135.86,430.44,37
117,EQ-01,2019-10-22,Corretiva,526.76,1494.53,222
118,EQ-02,2019-10-22,Corretiva,742.1,2612.86,153
119,EQ-03,2019-10-22,Corretiva,825.94,2375.03,199
120,EQ-04,2019-10-22,Corretiva,652.35,1952.05,226
121,EQ-01,2019-11-03,Preventiva,154.39,477.73,51
122,EQ-02,2019-11-03,Preventiva,183.72,690.33,50
123,EQ-03,2019-11-03,Preventiva,223.33,495.49,58
124,EQ-04,2019-11-03,Preventiva,189.1,255.93,46
125,EQ-01,2019-11-12,Preventiva,206.09,349.64,56
126,EQ-02,2019-11-12,Preventiva,299.56,324.55,46
127,EQ-03,2019-11-12,Preventiva,161.65,520.34,60
128,EQ-04,2019-11-12,Preventiva,162.05,207.47,44
129,EQ-01,2019-11-22,Corretiva,849.6,1135.91,134
130,EQ-02,2019-11-22,Corretiva,1287.12,3263.41,124
131,EQ-03,2019-11-22,Corretiva,757.48,2643.2,104
132,EQ-04,2019-11-22,Corretiva,409.36,1823.84,174
133,EQ-01,2019-12-03,Preventiva,154.31,314.97,52
134,EQ-02,2019-12-03,Preventiva,286.18,406.27,51
135,EQ-03,2019-12-03,Preventiva,236.99,357.14,33
136,EQ-04,2019-12-03,Preventiva,197.77,405.65,49
137,EQ-01,2019-12-12,Preventiva,217.81,300.87,31
138,EQ-02,2019-12-12,Preventiva,196.09,527.52,57
139,EQ-03,2019-12-12,Preventiva,186.93,332.5,53
140,EQ-04,2019-12-12,Preventiva,168.07,252.62,55
141,EQ-01,2019-12-22,Corretiva,824.78,2069.54,215
142,EQ-02,2019-12-22,Corretiva,1145.83,3299.46,107
143,EQ-03,2019-12-22,Corretiva,1052.49,2650.52,213
144,EQ-04,2019-12-22,Corretiva,566.72,1384.52,104
145,EQ-01,2020-01-03,Preventiva,202.26,404.79,36
146,EQ-02,2020-01-03,Preventiva,204.81,611.49,31
147,EQ-03,2020-01-03,Preventiva,209.24,513.72,37
148,EQ-04,2020-01-03,Preventiva,231.15,225.94,57
149,EQ-01,2020-01-12,Preventiva,225.23,465.82,39
150,EQ-02,2020-01-12,Preventiva,272.41,489.06,53
151,EQ-03,2020-01-12,Preventiva,153.82,553.85,37
152,EQ-04,2020-01-12,Preventiva,195.23,396.73,55
153,EQ-01,2020-01-22,Corretiva,980.55,1987.28,163
154,EQ-02,2020-01-22,Corretiva,621.33,3185.32,216
155,EQ-03,2020-01-22,Corretiva,1001.01,2285.75,211
156,EQ-04,2020-01-22,Corretiva,408.77,1315.26,238
157,EQ-01,2020-02-03,Preventiva,196.83,454.19,42
158,EQ-02,2020-02-03,Preventiva,329.14,644.69,48
159,EQ-03,2020-02-03,Preventiva,292.22,595.51,46
160,EQ-04,2020-02-03,Preventiva,152.59,349.18,50
161,EQ-01,2020-02-12,Preventiva,198.18,267.6,56
162,EQ-02,2020-02-12,Preventiva,241.1,486.44,38
163,EQ-03,2020-02-12,Preventiva,172.17,246.7,52
164,EQ-04,2020-02-12,Preventiva,154.83,391.38,55
165,EQ-01,2020-02-22,Corretiva,663.33,2185.55,118
166,EQ-02,2020-02-22,Corretiva,1327.25,3343.49,123
167,EQ-03,2020-02-22,Corretiva,750.89,2757.13,124
168,EQ-04,2020-02-22,Corretiva,813.38,2179.25,140
169,EQ-01,2020-03-03,Preventiva,274.25,509.98,56
170,EQ-02,2020-03-03,Preventiva,215.21,714.19,37
171,EQ-03,2020-03-03,Preventiva,250.28,485.03,42
172,EQ-04,2020-03-03,Preventiva,130.54,449.21,51
173,EQ-01,2020-03-12,Preventiva,200.27,482.57,52
174,EQ-02,2020-03-12,Preventiva,206.35,385.86,56
175,EQ-03,2020-03-12,Preventiva,245.19,473.91,43
176,EQ-04,2020-03-12,Preventiva,220.06,244.45,43
177,EQ-01,2020-03-22,Corretiva,909.12,1876.82,152
178,EQ-02,2020-03-22,Corretiva,771.14,3274.24,195
179,EQ-03,2020-03-22,Corretiva,789.69,2389.82,97
180,EQ-04,2020-03-22,Corretiva,758.81,1727.76,107
181,EQ-01,2020-04-03,Preventiva,173.55,411.3,58
182,EQ-02,2020-04-03,Preventiva,333.42,410.38,52
183,EQ-03,2020-04-03,Preventiva,193.99,452.0,45
184,EQ-04,2020-04-03,Preventiva,123.13,358.37,42
185,EQ-01,2020-04-12,Preventiva,199.07,532.6,56
186,EQ-02,2020-04-12,Preventiva,343.63,665.34,30
187,EQ-03,2020-04-12,Preventiva,213.35,319.75,30
188,EQ-04,2020-04-12,Preventiva,166.52,226.99,49
189,EQ-01,2020-04-22,Corretiva,787.88,2331.27,181
190,EQ-02,2020-04-22,Corretiva,831.51,2172.96,184
191,EQ-03,2020-04-22,Corretiva,784.26,2683.54,103
192,EQ-04,2020-04-22,Corretiva,854.25,2156.42,177
193,EQ-01,2020-05-03,Preventiva,288.55,275.43,32
194,EQ-02,2020-05-03,Preventiva,245.08,603.8,38
195,EQ-03,2020-05-03,Preventiva,238.23,289.63,57
196,EQ-04,2020-05-03,Preventiva,121.11,289.84,56
197,EQ-01,2020-05-12,Preventiva,205.39,580.45,37
198,EQ-02,2020-05-12,Preventiva,316.12,625.08,36
199,EQ-03,2020-05-12,Preventiva,261.84,421.58,54
200,EQ-04,2020-05-12,Preventiva,146.96,213.39,30
201,EQ-01,2020-05-22,Corretiva,866.16,2540.15,223
202,EQ-02,2020-05-22,Corretiva,857.05,1843.96,103
203,EQ-03,2020-05-22,Corretiva,792.88,1432.41,91
204,EQ-04,2020-05-22,Corretiva,717.18,1126.45,142
205,EQ-01,2020-06-03,Preventiva,267.52,375.24,46
206,EQ-02,2020-06-03,Preventiva,263.74,466.85,58
207,EQ-03,2020-06-03,Preventiva,203.04,260.61,41
208,EQ-04,2020-06-03,Preventiva,214.28,466.39,34
209,EQ-01,2020-06-12,Preventiva,298.61,437.26,40
210,EQ-02,2020-06-12,Preventiva,194.01,627.04,39
211,EQ-03,2020-06-12,Preventiva,194.45,524.86,57
212,EQ-04,2020-06-12,Preventiva,195.03,332.57,45
213,EQ-01,2020-06-22,Corretiva,1022.2,1848.11,111
214,EQ-02,2020-06-22,Corretiva,652.92,3108.42,139
215,EQ-03,2020-06-22,Corretiva,669.82,2592.55,187
216,EQ-04,2020-06-22,Corretiva,665.74,1994.37,194
217,EQ-01,2020-07-03,Preventiva,199.18,396.23,41
218,EQ-02,2020-07-03,Preventiva,187.85,477.55,53
219,EQ-03,2020-07-03,Preventiva,291.95,585.49,38
220,EQ-04,2020-07-03,Preventiva,223.98,414.3,40
221,EQ-01,2020-07-12,Preventiva,209.24,496.18,58
222,EQ-02,2020-07-12,Preventiva,354.51,501.82,52
223,EQ-03,2020-07-12,Preventiva,209.36,575.28,46
224,EQ-04,2020-07-12,Preventiva,155.64,490.25,39
225,EQ-01,2020-07-22,Corretiva,616.01,1819.94,180
226,EQ-02,2020-07-22,Corretiva,1115.07,3065.64,118
227,EQ-03,2020-07-22,Corretiva,1053.88,1621.08,109
228,EQ-04,2020-07-22,Corretiva,847.79,1867.21,135
229,EQ-01,2020-08-03,Preventiva,181.49,270.61,48
230,EQ-02,2020-08-03,Preventiva,241.34,724.58,30
231,EQ-03,2020-08-03,Preventiva,193.06,380.63,41
232,EQ-04,2020-08-03,Preventiva,133.13,442.25,34
233,EQ-01,2020-08-12,Preventiva,171.47,291.03,38
234,EQ-02,2020-08-12,Preventiva,282.33,601.34,38
235,EQ-03,2020-08-12,Preventiva,294.29,346.89,36
236,EQ-04,2020-08-12,Preventiva,209.55,248.21,52
237,EQ-01,2020-08-22,Corretiva,486.92,2558.46,129
238,EQ-02,2020-08-22,Corretiva,1290.45,1539.05,187
239,EQ-03,2020-08-22,Corretiva,858.9,1767.59,151
240,EQ-04,2020-08-22,Corretiva,667.71,1292.41,186
241,EQ-01,2020-09-03,Preventiva,256.83,338.88,54
242,EQ-02,2020-09-03,Preventiva,276.29,321.18,39
243,EQ-03,2020-09-03,Preventiva,275.52,577.57,33
244,EQ-04,2020-09-03,Preventiva,133.67,296.86,52
245,EQ-01,2020-09-12,Preventiva,181.25,431.57,38
246,EQ-02,2020-09-12,Preventiva,258.89,476.8,37
247,EQ-03,2020-09-12,Preventiva,170.68,313.29,50
248,EQ-04,2020-09-12,Preventiva,120.4,255.52,59
249,EQ-01,2020-09-22,Corretiva,741.49,2761.79,238
250,EQ-02,2020-09-22,Corretiva,1015.71,2072.55,111
251,EQ-03,2020-09-22,Corretiva,537.63,2091.02,170
252,EQ-04,2020-09-22,Corretiva,633.28,2438.32,208
253,EQ-01,2020-10-03,Preventiva,275.15,572.48,40
254,EQ-02,2020-10-03,Preventiva,372.83,558.2,36
255,EQ-03,2020-10-03,Preventiva,249.9,321.18,53
256,EQ-04,2020-10-03,Preventiva,225.13,257.69,48
257,EQ-01,2020-10-12,Preventiva,232.62,596.74,30
258,EQ-02,2020-10-12,Preventiva,204.71,381.27,31
259,EQ-03,2020-10-12,Preventiva,238.56,412.33,33
260,EQ-04,2020-10-12,Preventiva,146.76,411.58,56
261,EQ-01,2020-10-22,Corretiva,784.16,1297.31,109
262,EQ-02,2020-10-22,Corretiva,1221.85,2984.44,108
263,EQ-03,2020-10-22,Corretiva,675.92,2593.28,175
264,EQ-04,2020-10-22,Corretiva,415.58,1489.28,164
265,EQ-01,2020-11-03,Preventiva,163.68,403.39,59
266,EQ-02,2020-11-03,Preventiva,231.3,689.03,38
267,EQ-03,2020-11-03,Preventiva,257.47,357.76,46
268,EQ-04,2020-11-03,Preventiva,207.37,222.23,52
269,EQ-01,2020-11-12,Preventiva,168.48,348.53,37
270,EQ-02,2020-11-12,Preventiva,338.53,470.04,42
271,EQ-03,2020-11-12,Preventiva,222.7,493.26,53
272,EQ-04,2020-11-12,Preventiva,239.47,228.67,48
273,EQ-01,2020-11-22,Corretiva,861.81,2776.02,178
274,EQ-02,2020-11-22,Corretiva,805.94,3319.81,199
275,EQ-03,2020-11-22,Corretiva,940.19,2873.87,233
276,EQ-04,2020-11-22,Corretiva,438.74,1143.87,145
277,EQ-01,2020-12-03,Preventiva,192.01,485.12,60
278,EQ-02,2020-12-03,Preventiva,317.65,380.1,34
279,EQ-03,2020-12-03,Preventiva,186.56,311.72,39
280,EQ-04,2020-12-03,Preventiva,166.17,309.08,54
281,EQ-01,2020-12-12,Preventiva,295.36,249.68,58
282,EQ-02,2020-12-12,Preventiva,251.98,452.93,56
283,EQ-03,2020-12-12,Preventiva,206.12,267.82,37
284,EQ-04,2020-12-12,Preventiva,147.46,330.62,40
285,EQ-01,2020-12-22,Corretiva,604.28,2581.54,123
286,EQ-02,2020-12-22,Corretiva,838.62,1881.18,94
287,EQ-03,2020-12-22,Corretiva,652.7,2447.1,207
288,EQ-04,2020-12-22,Corretiva,637.8,1792.25,177
289,EQ-01,2021-01-03,Preventiva,220.69,328.1,38
290,EQ-02,2021-01-03,Preventiva,244.48,502.67,38
291,EQ-03,2021-01-03,Preventiva,262.77,293.29,39
292,EQ-04,2021-01-03,Preventiva,193.26,414.14,39
293,EQ-01,2021-01-12,Preventiva,197.22,484.02,46
294,EQ-02,2021-01-12,Preventiva,181.27,702.02,46
295,EQ-03,2021-01-12,Preventiva,262.63,482.27,33
296,EQ-04,2021-01-12,Preventiva,219.17,263.96,46
297,EQ-01,2021-01-22,Corretiva,750.77,2770.64,128
298,EQ-02,2021-01-22,Corretiva,1031.42,2439.71,200
299,EQ-03,2021-01-22,Corretiva,976.93,1116.23,147
300,EQ-04,2021-01-22,Corretiva,692.19,2128.45,226
301,EQ-01,2021-02-03,Preventiva,225.11,447.78,58
302,EQ-02,2021-02-03,Preventiva,308.93,560.72,59
303,EQ-03,2021-02-03,Preventiva,146.23,468.47,56
304,EQ-04,2021-02-03,Preventiva,194.37,345.15,41
305,EQ-01,2021-02-12,Preventiva,170.28,495.51,57
306,EQ-02,2021-02-12,Preventiva,197.27,629.29,60
307,EQ-03,2021-02-12,Preventiva,274.53,586.77,43
308,EQ-04,2021-02-12,Preventiva,203.23,298.65,51
309,EQ-01,2021-02-22,Corretiva,994.52,2007.88,202
310,EQ-02,2021-02-22,Corretiva,1235.93,2744.15,237
311,EQ-03,2021-02-22,Corretiva,702.14,2808.1,150
312,EQ-04,2021-02-22,Corretiva,560.83,2223.92,153
313,EQ-01,2021-03-03,Preventiva,289.91,559.76,55
314,EQ-02,2021-03-03,Preventiva,313.19,565.55,35
315,EQ-03,2021-03-03,Preventiva,299.59,571.2,60
316,EQ-04,2021-03-03,Preventiva,206.93,219.64,37
317,EQ-01,2021-03-12,Preventiva,292.23,439.71,45
318,EQ-02,2021-03-12,Preventiva,201.32,402.89,56
319,EQ-03,2021-03-12,Preventiva,212.01,373.52,53
320,EQ-04,2021-03-12,Preventiva,219.68,256.69,36
321,EQ-01,2021-03-22,Corretiva,711.58,2360.63,159
322,EQ-02,2021-03-22,Corretiva,713.01,2109.58,152
323,EQ-03,2021-03-22,Corretiva,1039.81,2255.66,99
324,EQ-04,2021-03-22,Corretiva,404.33,2279.6,103
325,EQ-01,2021-04-03,Preventiva,169.34,468.71,48
326,EQ-02,2021-04-03,Preventiva,304.92,398.22,38
327,EQ-03,2021-04-03,Preventiva,246.16,588.53,38
328,EQ-04,2021-04-03,Preventiva,128.16,303.27,53
329,EQ-01,2021-04-12,Preventiva,231.87,560.6,40
330,EQ-02,2021-04-12,Preventiva,242.72,538.16,44
331,EQ-03,2021-04-12,Preventiva,265.28,524.86,38
332,EQ-04,2021-04-12,Preventiva,152.06,389.92,40
333,EQ-01,2021-04-22,Corretiva,676.23,1579.86,120
334,EQ-02,2021-04-22,Corretiva,1052.53,2913.38,221
335,EQ-03,2021-04-22,Corretiva,712.47,1284.92,142
336,EQ-04,2021-04-22,Corretiva,580.47,986.99,148
337,EQ-01,2021-05-03,Preventiva,233.77,331.7,47
338,EQ-02,2021-05-03,Preventiva,275.39,446.47,56
339,EQ-03,2021-05-03,Preventiva,178.18,366.41,43
340,EQ-04,2021-05-03,Preventiva,178.98,450.3,58
341,EQ-01,2021-05-12,Preventiva,147.2,429.06,52
342,EQ-02,2021-05-12,Preventiva,186.54,496.33,52
343,EQ-03,2021-05-12,Preventiva,280.93,479.29,45
344,EQ-04,2021-05-12,Preventiva,123.13,225.91,35
345,EQ-01,2021-05-22,Corretiva,913.65,1639.61,153
346,EQ-02,2021-05-22,Corretiva,1222.79,1789.39,217
347,EQ-03,2021-05-22,Corretiva,910.22,2870.37,207
348,EQ-04,2021-05-22,Corretiva,702.99,1304.06,186
349,EQ-01,2021-06-03,Preventiva,266.16,553.86,57
350,EQ-02,2021-06-03,Preventiva,363.69,702.71,37
351,EQ-03,2021-06-03,Preventiva,185.97,521.93,47
352,EQ-04,2021-06-03,Preventiva,189.38,256.04,55
353,EQ-01,2021-06-12,Preventiva,262.32,396.03,46
354,EQ-02,2021-06-12,Preventiva,290.44,330.28,60
355,EQ-03,2021-06-12,Preventiva,255.43,503.32,50
356,EQ-04,2021-06-12,Preventiva,238.95,227.96,42
357,EQ-01,2021-06-22,Corretiva,574.44,2570.06,221
358,EQ-02,2021-06-22,Corretiva,895.05,2162.78,131
359,EQ-03,2021-06-22,Corretiva,663.84,2334.7,192
360,EQ-04,2021-06-22,Corretiva,505.27,1638.06,129
361,EQ-01,2021-07-03,Preventiva,196.65,420.17,56
362,EQ-02,2021-07-03,Preventiva,203.81,600.6,38
363,EQ-03,2021-07-03,Preventiva,158.36,303.5,55
364,EQ-04,2021-07-03,Preventiva,214.29,473.28,49
365,EQ-01,2021-07-12,Preventiva,217.2,370.01,47
366,EQ-02,2021-07-12,Preventiva,354.53,411.41,40
367,EQ-03,2021-07-12,Preventiva,217.37,502.35,34
368,EQ-04,2021-07-12,Preventiva,208.58,462.52,48
369,EQ-01,2021-07-22,Corretiva,831.72,2287.39,234
370,EQ-02,2021-07-22,Corretiva,1068.46,3486.62,173
371,EQ-03,2021-07-22,Corretiva,799.49,2026.85,200
372,EQ-04,2021-07-22,Corretiva,847.96,1270.09,101
373,EQ-01,2021-08-03,Preventiva,250.29,597.39,40
374,EQ-02,2021-08-03,Preventiva,348.26,625.39,32
375,EQ-03,2021-08-03,Preventiva,219.0,529.93,44
376,EQ-04,2021-08-03,Preventiva,123.36,244.93,41
377,EQ-01,2021-08-12,Preventiva,291.6,374.52,39
378,EQ-02,2021-08-12,Preventiva,246.29,607.43,39
379,EQ-03,2021-08-12,Preventiva,192.01,525.15,57
380,EQ-04,2021-08-12,Preventiva,167.89,366.83,46
381,EQ-01,2021-08-22,Corretiva,735.91,2705.35,100
382,EQ-02,2021-08-22,Corretiva,870.99,2304.79,112
383,EQ-03,2021-08-22,Corretiva,890.94,1219.54,144
384,EQ-04,2021-08-22,Corretiva,527.01,1444.85,103
385,EQ-01,2021-09-03,Preventiva,187.56,345.49,49
386,EQ-02,2021-09-03,Preventiva,330.86,688.3,46
387,EQ-03,2021-09-03,Preventiva,151.85,372.61,50
388,EQ-04,2021-09-03,Preventiva,177.55,284.45,35
389,EQ-01,2021-09-12,Preventiva,299.36,387.03,40
390,EQ-02,2021-09-12,Preventiva,367.15,310.31,55
391,EQ-03,2021-09-12,Preventiva,243.32,385.0,59
392,EQ-04,2021-09-12,Preventiva,127.94,458.27,45
393,EQ-01,2021-09-22,Corretiva,999.78,1453.57,236
394,EQ-02,2021-09-22,Corretiva,659.71,2983.27,173
395,EQ-03,2021-09-22,Corretiva,1028.37,1739.23,132
396,EQ-04,2021-09-22,Corretiva,834.17,1255.63,225
397,EQ-01,2021-10-03,Preventiva,294.24,488.53,59
398,EQ-02,2021-10-03,Preventiva,333.82,623.71,39
399,EQ-03,2021-10-03,Preventiva,144.99,371.87,46
400,EQ-04,2021-10-03,Preventiva,157.43,484.91,32
401,EQ-01,2021-10-12,Preventiva,256.13,317.13,52
402,EQ-02,2021-10-12,Preventiva,185.48,603.85,33
403,EQ-03,2021-10-12,Preventiva,173.4,253.56,31
404,EQ-04,2021-10-12,Preventiva,187.42,351.77,48
405,EQ-01,2021-10-22,Corretiva,1038.11,1891.12,182
406,EQ-02,2021-10-22,Corretiva,971.14,1494.74,105
407,EQ-03,2021-10-22,Corretiva,493.43,1518.15,122
408,EQ-04,2021-10-22,Corretiva,530.53,2282.49,91
409,EQ-01,2021-11-03,Preventiva,285.66,583.96,34
410,EQ-02,2021-11-03,Preventiva,273.58,419.78,37
411,EQ-03,2021-11-03,Preventiva,258.97,588.13,51
412,EQ-04,2021-11-03,Preventiva,224.91,220.1,56
413,EQ-01,2021-11-12,Preventiva,166.2,593.24,41
414,EQ-02,2021-11-12,Preventiva,286.61,300.15,60
415,EQ-03,2021-11-12,Preventiva,227.1,420.65,49
416,EQ-04,2021-11-12,Preventiva,182.34,497.18,54
417,EQ-01,2021-11-22,Corretiva,870.8,1658.17,124
418,EQ-02,2021-11-22,Corretiva,819.99,2253.21,186
419,EQ-03,2021-11-22,Corretiva,726.28,1707.6,201
420,EQ-04,2021-11-22,Corretiva,611.8,1482.7,203
421,EQ-01,2021-12-03,Preventiva,238.99,525.42,37
422,EQ-02,2021-12-03,Preventiva,354.29,448.96,37
423,EQ-03,2021-12-03,Preventiva,224.29,497.46,42
424,EQ-04,2021-12-03,Preventiva,229.53,303.6,35
425,EQ-01,2021-12-12,Preventiva,263.56,438.12,34
426,EQ-02,2021-12-12,Preventiva,348.94,564.92,56
427,EQ-03,2021-12-12,Preventiva,174.97,518.31,30
428,EQ-04,2021-12-12,Preventiva,120.46,445.21,38
429,EQ-01,2021-12-22,Corretiva,1050.38,1961.97,144
430,EQ-02,2021-12-22,Corretiva,722.22,2693.98,173
431,EQ-03,2021-12-22,Corretiva,771.28,2331.74,222
432,EQ-04,2021-12-22,Corretiva,445.04,2489.9,108
